"test1","111111","test1 test1 test1","1"
"test2","111111","test2 test2 test2","1"
"test3","111111","test3 test3 test3","1"
"test4","111111","test4 test4 test4","1"
"test5","111111","test5 test5 test5","1"
"test6","111111","test6 test6 test6","1"
"test7","111111","test7 test7 test7","1"
"test8","111111","test8 test8 test8","1"
"test9","111111","test9 test9 test9","1"
"test10","111111","test10 test10 test10","1"
"test11","111111","test11 test11 test11","1"
"test12","111111","test12 test12 test12","1"
"getAllContacts","111111","asdsdfasd","1"
"getUserByLogin","111111","snpsnpsnp","1"
"testSave","111111","snp","1"
"getAllContacts","111111","asdsdfasd","1"
"getUserByLogin","111111","snpsnpsnp","1"
"testSave","111111","snp","1"
